total_connections,avg_strength,max_strength,sparsity,reciprocity
28913,0.01465799168615,0.8050883650664161,0.2895469476045506,0.3446892401341957
