clustering_coefficient,avg_path_length,random_clustering,random_path_length,small_world_coefficient
0.8471658875392043,1.5202732569821178,0.4819687030153811,1.5181032750653003,1.755210802977494
