degree_normality,assortativity,n_communities,modularity
"NormaltestResult(statistic=250.69328402343905, pvalue=3.652961114532817e-55)",-0.17861406778445807,3,0.12611012946357694
